,Unnamed: 0,Unnamed: 0.1,est,se
0,0,0,IPS,1.7975988975208686e-06
1,1,1,DR,4.719073389608585e-06
2,2,2,DM,1.353903855464038e-06
3,3,3,SNIPS,1.8108125245907627e-06
4,4,4,SwitchDR,2.324923616890416e-06
5,5,5,MIPS,2.3832778972340707e-06
6,6,6,MIPS (w/ SLOPE),1.2669214996569808e-06
7,7,7,Learned MIPS OneHot,1.2464568959633165e-06
8,8,8,Learned MIPS FineTune,5.892902984248988e-07
9,9,9,Learned MIPS Combined,1.2895426428792983e-06
10,10,10,IPS,5.820250305327466e-07
11,11,11,DR,2.388348440436741e-06
12,12,12,DM,2.603458840517137e-07
13,13,13,SNIPS,6.6401549630274e-07
14,14,14,SwitchDR,4.913867140992145e-10
15,15,15,MIPS,5.67680801377013e-07
16,16,16,MIPS (w/ SLOPE),7.276649904375296e-07
17,17,17,Learned MIPS OneHot,5.146219509557797e-07
18,18,18,Learned MIPS FineTune,8.597493590596758e-08
19,19,19,Learned MIPS Combined,5.769867375574709e-07
20,20,20,IPS,6.464334979384849e-06
21,21,21,DR,2.741664012212724e-06
22,22,22,DM,1.1193071090840569e-05
23,23,23,SNIPS,6.844204251505813e-06
24,24,24,SwitchDR,5.693568532609725e-06
25,25,25,MIPS,6.316309884141801e-06
26,26,26,MIPS (w/ SLOPE),3.5640024378099574e-06
27,27,27,Learned MIPS OneHot,1.5108442503139549e-06
28,28,28,Learned MIPS FineTune,2.1535151594951685e-06
29,29,29,Learned MIPS Combined,2.1259990171719115e-06
30,30,30,IPS,1.3683086681704782e-05
31,31,31,DR,1.7781739626208025e-05
32,32,32,DM,1.545266161032502e-06
33,33,33,SNIPS,1.3663012962481328e-05
34,34,34,SwitchDR,1.35339279015067e-06
35,35,35,MIPS,1.2571066151350845e-05
36,36,36,MIPS (w/ SLOPE),6.0038264472843895e-06
37,37,37,Learned MIPS OneHot,4.262081464165671e-06
38,38,38,Learned MIPS FineTune,5.49396149697926e-06
39,39,39,Learned MIPS Combined,5.452631668140006e-06
40,40,40,IPS,3.398660562983464e-06
41,41,41,DR,1.836238221243916e-06
42,42,42,DM,1.7789635362932153e-05
43,43,43,SNIPS,3.2234332484035848e-06
44,44,44,SwitchDR,1.0825245031961723e-05
45,45,45,MIPS,3.201251670087481e-06
46,46,46,MIPS (w/ SLOPE),2.747962859783394e-06
47,47,47,Learned MIPS OneHot,2.0540339912775294e-06
48,48,48,Learned MIPS FineTune,2.894567677161761e-06
49,49,49,Learned MIPS Combined,2.901333147986928e-06
50,50,50,IPS,9.619089177035631e-06
51,51,51,DR,1.8152935110800508e-05
52,52,52,DM,2.622056118265596e-07
53,53,53,SNIPS,9.325123837368663e-06
54,54,54,SwitchDR,1.8152935110800508e-05
55,55,55,MIPS,6.574159896899059e-06
56,56,56,MIPS (w/ SLOPE),4.005409253707881e-06
57,57,57,Learned MIPS OneHot,2.880276639960125e-06
58,58,58,Learned MIPS FineTune,2.8609079795300154e-06
59,59,59,Learned MIPS Combined,3.393133855039524e-06
60,60,60,IPS,2.540662734591529e-06
61,61,61,DR,6.006613480838667e-06
62,62,62,DM,6.204234292327469e-06
63,63,63,SNIPS,2.8166810495228974e-06
64,64,64,SwitchDR,4.696044738206356e-07
65,65,65,MIPS,1.4094791855424151e-06
66,66,66,MIPS (w/ SLOPE),1.1119160024971898e-07
67,67,67,Learned MIPS OneHot,5.513148825933208e-07
68,68,68,Learned MIPS FineTune,4.82191837520974e-07
69,69,69,Learned MIPS Combined,4.344287897406822e-07
70,70,70,IPS,5.631397143819389e-08
71,71,71,DR,4.121527712273052e-08
72,72,72,DM,6.790154370704816e-06
73,73,73,SNIPS,5.962006029428212e-10
74,74,74,SwitchDR,1.5149780593080097e-05
75,75,75,MIPS,1.9463212548297297e-07
76,76,76,MIPS (w/ SLOPE),4.78884970514991e-06
77,77,77,Learned MIPS OneHot,4.3447046314476345e-06
78,78,78,Learned MIPS FineTune,5.621732414727431e-06
79,79,79,Learned MIPS Combined,2.7599664343528195e-06
80,80,80,IPS,1.41883727904649e-05
81,81,81,DR,1.6315466983269584e-05
82,82,82,DM,9.550377791007758e-07
83,83,83,SNIPS,1.39677280839379e-05
84,84,84,SwitchDR,9.227918612396414e-06
85,85,85,MIPS,1.0899930401486232e-05
86,86,86,MIPS (w/ SLOPE),4.2880804093682815e-06
87,87,87,Learned MIPS OneHot,9.627168713658066e-07
88,88,88,Learned MIPS FineTune,1.1864237794673413e-06
89,89,89,Learned MIPS Combined,2.2419320708533715e-06
90,90,90,IPS,2.4436744322663703e-06
91,91,91,DR,2.0168772661589576e-06
92,92,92,DM,1.969980463869809e-06
93,93,93,SNIPS,2.691473528791263e-06
94,94,94,SwitchDR,2.073090406280286e-06
95,95,95,MIPS,3.348226128508153e-06
96,96,96,MIPS (w/ SLOPE),2.067551997763082e-06
97,97,97,Learned MIPS OneHot,1.760527681276763e-06
98,98,98,Learned MIPS FineTune,1.4295786627064157e-06
99,99,99,Learned MIPS Combined,1.952281437597997e-06
100,100,100,IPS,5.6812898647929344e-06
101,101,101,DR,2.6015174328119752e-06
102,102,102,DM,7.554943269724891e-06
103,103,103,SNIPS,5.213820595048479e-06
104,104,104,SwitchDR,1.2611278525342676e-06
105,105,105,MIPS,6.670349490382624e-06
106,106,106,MIPS (w/ SLOPE),2.7224791236329686e-06
107,107,107,Learned MIPS OneHot,2.61185662072742e-06
108,108,108,Learned MIPS FineTune,2.986101640478723e-06
109,109,109,Learned MIPS Combined,2.9440278211707903e-06
110,110,110,IPS,8.853395833280087e-06
111,111,111,DR,1.167241433581107e-05
112,112,112,DM,3.720416352135707e-06
113,113,113,SNIPS,8.846378410887856e-06
114,114,114,SwitchDR,1.167241433581107e-05
115,115,115,MIPS,8.06019823608371e-06
116,116,116,MIPS (w/ SLOPE),1.5071290881950742e-06
117,117,117,Learned MIPS OneHot,2.5274653565875788e-06
118,118,118,Learned MIPS FineTune,2.777409370992172e-06
119,119,119,Learned MIPS Combined,2.985914581383384e-06
120,120,120,IPS,7.057775028655087e-07
121,121,121,DR,3.1125104303487703e-06
122,122,122,DM,3.689032095732445e-07
123,123,123,SNIPS,9.572725915516384e-07
124,124,124,SwitchDR,5.773340409034335e-07
125,125,125,MIPS,1.1606202259148449e-06
126,126,126,MIPS (w/ SLOPE),1.4613001613172265e-06
127,127,127,Learned MIPS OneHot,1.1986649442970294e-06
128,128,128,Learned MIPS FineTune,7.926797323885056e-07
129,129,129,Learned MIPS Combined,1.1177118866212153e-06
130,130,130,IPS,2.898253093177254e-06
131,131,131,DR,5.793166853771008e-06
132,132,132,DM,1.987749802273518e-05
133,133,133,SNIPS,2.9109324836778234e-06
134,134,134,SwitchDR,1.4041546023455654e-05
135,135,135,MIPS,3.5266589144370303e-06
136,136,136,MIPS (w/ SLOPE),4.251023183163772e-06
137,137,137,Learned MIPS OneHot,4.058820635759965e-06
138,138,138,Learned MIPS FineTune,4.048952546549535e-06
139,139,139,Learned MIPS Combined,3.303585235938851e-06
140,140,140,IPS,3.875014493387372e-06
141,141,141,DR,2.828479619788786e-06
142,142,142,DM,3.168970142657115e-06
143,143,143,SNIPS,3.859058161609631e-06
144,144,144,SwitchDR,4.039609838369472e-07
145,145,145,MIPS,3.0208910574834858e-06
146,146,146,MIPS (w/ SLOPE),3.942416568077043e-06
147,147,147,Learned MIPS OneHot,2.521046992332593e-06
148,148,148,Learned MIPS FineTune,2.8551859772149724e-06
149,149,149,Learned MIPS Combined,2.9281838960490383e-06
150,150,150,IPS,2.9719886035456624e-06
151,151,151,DR,9.505294003503076e-06
152,152,152,DM,1.5143985081498934e-06
153,153,153,SNIPS,2.918531907152232e-06
154,154,154,SwitchDR,5.7180055503660895e-06
155,155,155,MIPS,4.146198992934504e-06
156,156,156,MIPS (w/ SLOPE),3.896776922392322e-06
157,157,157,Learned MIPS OneHot,2.798565462249644e-06
158,158,158,Learned MIPS FineTune,2.7299586811471843e-06
159,159,159,Learned MIPS Combined,2.951421117851179e-06
160,160,160,IPS,1.9576888621915963e-06
161,161,161,DR,4.842272430708179e-06
162,162,162,DM,7.762677062631014e-06
163,163,163,SNIPS,1.9375755822243337e-06
164,164,164,SwitchDR,2.0733868572792646e-06
165,165,165,MIPS,8.862378888884837e-07
166,166,166,MIPS (w/ SLOPE),1.3326799639643373e-06
167,167,167,Learned MIPS OneHot,1.3707880572918484e-06
168,168,168,Learned MIPS FineTune,8.474286289081607e-07
169,169,169,Learned MIPS Combined,1.081199601326748e-06
170,170,170,IPS,3.3618896499869924e-06
171,171,171,DR,6.398225081159328e-06
172,172,172,DM,1.070493596425652e-06
173,173,173,SNIPS,3.493992330025548e-06
174,174,174,SwitchDR,1.249707814100413e-06
175,175,175,MIPS,5.128089660377625e-06
176,176,176,MIPS (w/ SLOPE),5.818729286848824e-06
177,177,177,Learned MIPS OneHot,4.003681214711311e-06
178,178,178,Learned MIPS FineTune,4.986420980944246e-06
179,179,179,Learned MIPS Combined,3.650839005908853e-06
180,180,180,IPS,6.670988337386623e-06
181,181,181,DR,3.808944083638064e-06
182,182,182,DM,9.60006627714216e-05
183,183,183,SNIPS,6.36659764516111e-06
184,184,184,SwitchDR,3.808944083638064e-06
185,185,185,MIPS,7.134927563507644e-06
186,186,186,MIPS (w/ SLOPE),4.516492304151228e-06
187,187,187,Learned MIPS OneHot,3.640185949603512e-06
188,188,188,Learned MIPS FineTune,3.7877278515618536e-06
189,189,189,Learned MIPS Combined,3.955155525595089e-06
190,190,190,IPS,9.378940855201378e-06
191,191,191,DR,1.4365412989866708e-05
192,192,192,DM,3.509622365126992e-07
193,193,193,SNIPS,9.576117334825386e-06
194,194,194,SwitchDR,7.62864688840506e-06
195,195,195,MIPS,5.709662494237589e-06
196,196,196,MIPS (w/ SLOPE),5.792185822902584e-06
197,197,197,Learned MIPS OneHot,7.758571695355507e-06
198,198,198,Learned MIPS FineTune,6.5674941729730255e-06
199,199,199,Learned MIPS Combined,7.1270210300609525e-06
200,200,200,IPS,1.583423677221393e-05
201,201,201,DR,1.0741014181031218e-05
202,202,202,DM,8.495339990038197e-06
203,203,203,SNIPS,1.587722977252969e-05
204,204,204,SwitchDR,1.0741014181031218e-05
205,205,205,MIPS,1.347583080521046e-05
206,206,206,MIPS (w/ SLOPE),7.670661501660136e-06
207,207,207,Learned MIPS OneHot,7.429774510424131e-06
208,208,208,Learned MIPS FineTune,7.58506842784404e-06
209,209,209,Learned MIPS Combined,7.337328811164975e-06
210,210,210,IPS,1.2395086617847723e-05
211,211,211,DR,8.630354909717164e-06
212,212,212,DM,3.7151592982801794e-06
213,213,213,SNIPS,1.195801199171126e-05
214,214,214,SwitchDR,5.35399712641492e-06
215,215,215,MIPS,1.1455818880191076e-05
216,216,216,MIPS (w/ SLOPE),1.0541751945929775e-05
217,217,217,Learned MIPS OneHot,7.846139980980889e-06
218,218,218,Learned MIPS FineTune,8.726970213253293e-06
219,219,219,Learned MIPS Combined,8.466363695772829e-06
220,220,220,IPS,8.926955085645587e-07
221,221,221,DR,7.125291314840942e-07
222,222,222,DM,5.466913931827914e-05
223,223,223,SNIPS,7.430438804971198e-07
224,224,224,SwitchDR,3.223574970982703e-07
225,225,225,MIPS,3.371686641157876e-07
226,226,226,MIPS (w/ SLOPE),1.0346131026979517e-06
227,227,227,Learned MIPS OneHot,2.526733512909961e-07
228,228,228,Learned MIPS FineTune,5.131799001674956e-07
229,229,229,Learned MIPS Combined,5.623560690177248e-07
230,230,230,IPS,8.035782899193739e-06
231,231,231,DR,5.465045661853719e-06
232,232,232,DM,2.967847336155081e-05
233,233,233,SNIPS,8.263733507109578e-06
234,234,234,SwitchDR,6.01607114909564e-06
235,235,235,MIPS,7.605408975187801e-06
236,236,236,MIPS (w/ SLOPE),1.3600752758551597e-06
237,237,237,Learned MIPS OneHot,7.875782568093514e-07
238,238,238,Learned MIPS FineTune,1.7097790426367607e-06
239,239,239,Learned MIPS Combined,1.4815021699868193e-06
240,240,240,IPS,5.615788521615163e-07
241,241,241,DR,1.1847842654502809e-06
242,242,242,DM,3.643126091614817e-06
243,243,243,SNIPS,5.379376009209931e-07
244,244,244,SwitchDR,6.71821845859234e-06
245,245,245,MIPS,1.995597652029583e-07
246,246,246,MIPS (w/ SLOPE),4.277696415459598e-07
247,247,247,Learned MIPS OneHot,4.315131697022329e-07
248,248,248,Learned MIPS FineTune,5.968118603601537e-07
249,249,249,Learned MIPS Combined,7.74265914986947e-07
250,250,250,IPS,5.754748316755518e-06
251,251,251,DR,4.797055484861187e-06
252,252,252,DM,1.3185632761405786e-05
253,253,253,SNIPS,6.544052440493847e-06
254,254,254,SwitchDR,3.653326845509216e-07
255,255,255,MIPS,7.450263418020145e-06
256,256,256,MIPS (w/ SLOPE),3.360523499537032e-06
257,257,257,Learned MIPS OneHot,3.075196871945156e-06
258,258,258,Learned MIPS FineTune,2.518216322361085e-06
259,259,259,Learned MIPS Combined,3.867768848131175e-06
260,260,260,IPS,2.8583503394934026e-06
261,261,261,DR,9.858725469674227e-10
262,262,262,DM,4.56202254147691e-06
263,263,263,SNIPS,2.657800579193491e-06
264,264,264,SwitchDR,5.928194854078208e-07
265,265,265,MIPS,1.52797356519035e-06
266,266,266,MIPS (w/ SLOPE),1.200533961813088e-06
267,267,267,Learned MIPS OneHot,1.1176167071700934e-06
268,268,268,Learned MIPS FineTune,8.582252848807765e-07
269,269,269,Learned MIPS Combined,1.3586908276655156e-06
270,270,270,IPS,1.2427779924678088e-05
271,271,271,DR,1.7770526057512565e-05
272,272,272,DM,3.96452411494818e-06
273,273,273,SNIPS,1.1706574924706635e-05
274,274,274,SwitchDR,2.1172432517202825e-05
275,275,275,MIPS,1.2292536462791877e-05
276,276,276,MIPS (w/ SLOPE),9.070149229905168e-06
277,277,277,Learned MIPS OneHot,7.394141109136859e-06
278,278,278,Learned MIPS FineTune,7.967558120781464e-06
279,279,279,Learned MIPS Combined,8.03238701193873e-06
280,280,280,IPS,4.513864183436305e-06
281,281,281,DR,3.534365520069818e-06
282,282,282,DM,1.675050887927274e-05
283,283,283,SNIPS,4.188239808652313e-06
284,284,284,SwitchDR,1.1839948640991849e-05
285,285,285,MIPS,4.173250630204462e-06
286,286,286,MIPS (w/ SLOPE),1.829633070959794e-06
287,287,287,Learned MIPS OneHot,1.954361457953002e-06
288,288,288,Learned MIPS FineTune,1.9500536299886755e-06
289,289,289,Learned MIPS Combined,2.067672495210067e-06
290,290,290,IPS,1.0797964571298516e-05
291,291,291,DR,1.2495881852686125e-05
292,292,292,DM,1.1548997646755108e-05
293,293,293,SNIPS,1.0498116866589118e-05
294,294,294,SwitchDR,1.3438931370240149e-05
295,295,295,MIPS,1.0486886118441076e-05
296,296,296,MIPS (w/ SLOPE),5.040950087639805e-06
297,297,297,Learned MIPS OneHot,4.523878806725433e-06
298,298,298,Learned MIPS FineTune,5.141871008103087e-06
299,299,299,Learned MIPS Combined,4.93943343239387e-06
300,300,300,IPS,8.548990338218292e-06
301,301,301,DR,7.313701519130623e-06
302,302,302,DM,4.641126471649625e-06
303,303,303,SNIPS,8.1553994532507e-06
304,304,304,SwitchDR,8.995117865630914e-06
305,305,305,MIPS,8.930199243551817e-06
306,306,306,MIPS (w/ SLOPE),2.6341268420338653e-06
307,307,307,Learned MIPS OneHot,2.251075949163749e-06
308,308,308,Learned MIPS FineTune,2.750393867312804e-06
309,309,309,Learned MIPS Combined,2.9980650111676058e-06
310,310,310,IPS,6.103583596695726e-07
311,311,311,DR,1.2044921552732743e-06
312,312,312,DM,7.001121592310213e-05
313,313,313,SNIPS,7.082681587645552e-07
314,314,314,SwitchDR,1.2899990698549352e-05
315,315,315,MIPS,1.0385275437264348e-11
316,316,316,MIPS (w/ SLOPE),2.7165984282920847e-06
317,317,317,Learned MIPS OneHot,7.235808710025816e-07
318,318,318,Learned MIPS FineTune,7.854719441492628e-07
319,319,319,Learned MIPS Combined,6.987553034921131e-07
320,320,320,IPS,8.769804966981055e-06
321,321,321,DR,1.1396403943460386e-06
322,322,322,DM,3.1532778722304185e-05
323,323,323,SNIPS,9.001517654001435e-06
324,324,324,SwitchDR,5.836701597277392e-07
325,325,325,MIPS,6.163801251590383e-06
326,326,326,MIPS (w/ SLOPE),3.1920331483889085e-06
327,327,327,Learned MIPS OneHot,3.579286635932145e-06
328,328,328,Learned MIPS FineTune,3.2088820194302965e-06
329,329,329,Learned MIPS Combined,4.120043966479629e-06
330,330,330,IPS,2.0475993052410374e-08
331,331,331,DR,4.340180851834768e-06
332,332,332,DM,2.69534998728513e-06
333,333,333,SNIPS,8.26220765619692e-10
334,334,334,SwitchDR,4.7082127396837206e-06
335,335,335,MIPS,6.812953930551397e-07
336,336,336,MIPS (w/ SLOPE),1.6206926622445211e-06
337,337,337,Learned MIPS OneHot,2.3943086446767705e-06
338,338,338,Learned MIPS FineTune,2.624967067720993e-06
339,339,339,Learned MIPS Combined,2.6732194642370464e-06
340,340,340,IPS,7.778887199025858e-06
341,341,341,DR,7.95318251185683e-06
342,342,342,DM,1.7193209672548886e-08
343,343,343,SNIPS,7.855313098501261e-06
344,344,344,SwitchDR,1.048193206254004e-05
345,345,345,MIPS,8.37499376525257e-06
346,346,346,MIPS (w/ SLOPE),7.330289588312624e-06
347,347,347,Learned MIPS OneHot,4.6330220382592455e-06
348,348,348,Learned MIPS FineTune,5.345657942572602e-06
349,349,349,Learned MIPS Combined,5.517467745170448e-06
350,350,350,IPS,1.1727238945673657e-05
351,351,351,DR,4.718420047838651e-06
352,352,352,DM,4.56779867148522e-06
353,353,353,SNIPS,1.1765742786250932e-05
354,354,354,SwitchDR,5.784652993645185e-08
355,355,355,MIPS,1.044371036965923e-05
356,356,356,MIPS (w/ SLOPE),5.245372033421052e-06
357,357,357,Learned MIPS OneHot,2.4006710544674343e-06
358,358,358,Learned MIPS FineTune,3.3991018493541208e-06
359,359,359,Learned MIPS Combined,3.286337488538792e-06
360,360,360,IPS,1.1773858462511252e-05
361,361,361,DR,1.1162925485951007e-05
362,362,362,DM,2.6866220796243985e-07
363,363,363,SNIPS,1.1920813803777245e-05
364,364,364,SwitchDR,1.5317065886247185e-05
365,365,365,MIPS,1.0630239782914852e-05
366,366,366,MIPS (w/ SLOPE),3.232248578343539e-06
367,367,367,Learned MIPS OneHot,1.6828381102005354e-06
368,368,368,Learned MIPS FineTune,2.516987499160245e-06
369,369,369,Learned MIPS Combined,2.7020311210123665e-06
370,370,370,IPS,2.2819557149589133e-06
371,371,371,DR,2.4532283275357314e-06
372,372,372,DM,6.614052503439279e-06
373,373,373,SNIPS,2.3414117387480484e-06
374,374,374,SwitchDR,2.979152729017799e-06
375,375,375,MIPS,6.595379027869842e-07
376,376,376,MIPS (w/ SLOPE),1.4739592153250535e-06
377,377,377,Learned MIPS OneHot,1.3972652404741325e-06
378,378,378,Learned MIPS FineTune,1.5242779046322494e-06
379,379,379,Learned MIPS Combined,9.750866217207984e-07
380,380,380,IPS,1.00444983020037e-05
381,381,381,DR,7.047259405661232e-06
382,382,382,DM,4.359165214212093e-05
383,383,383,SNIPS,1.0089413632783262e-05
384,384,384,SwitchDR,1.231554246037821e-05
385,385,385,MIPS,7.88360919574726e-06
386,386,386,MIPS (w/ SLOPE),3.3716243354920697e-06
387,387,387,Learned MIPS OneHot,2.90420388848746e-06
388,388,388,Learned MIPS FineTune,3.5129128658738714e-06
389,389,389,Learned MIPS Combined,3.663269594299232e-06
390,390,390,IPS,7.608912065604666e-06
391,391,391,DR,3.4121232233190544e-05
392,392,392,DM,1.9242545316179754e-05
393,393,393,SNIPS,7.560042444383069e-06
394,394,394,SwitchDR,1.1450790559428724e-05
395,395,395,MIPS,7.661934814945596e-06
396,396,396,MIPS (w/ SLOPE),6.575159556137632e-06
397,397,397,Learned MIPS OneHot,5.24778137972969e-06
398,398,398,Learned MIPS FineTune,5.360774777389987e-06
399,399,399,Learned MIPS Combined,5.50858857317067e-06
400,400,400,IPS,6.5590572627063024e-06
401,401,401,DR,7.054639185800723e-06
402,402,402,DM,1.4449539581528928e-05
403,403,403,SNIPS,6.515274231713637e-06
404,404,404,SwitchDR,1.6368427876396745e-05
405,405,405,MIPS,4.087190476218396e-06
406,406,406,MIPS (w/ SLOPE),1.7136655429823034e-06
407,407,407,Learned MIPS OneHot,5.436959506947268e-07
408,408,408,Learned MIPS FineTune,8.492825611565355e-07
409,409,409,Learned MIPS Combined,8.134761058516056e-07
410,410,410,IPS,9.017669674787497e-08
411,411,411,DR,9.198948461761162e-07
412,412,412,DM,6.615091406527902e-06
413,413,413,SNIPS,1.4207430542056382e-07
414,414,414,SwitchDR,3.983727231915127e-06
415,415,415,MIPS,3.402046913877802e-07
416,416,416,MIPS (w/ SLOPE),2.48447423672298e-06
417,417,417,Learned MIPS OneHot,1.83077964936039e-06
418,418,418,Learned MIPS FineTune,1.9740763649683595e-06
419,419,419,Learned MIPS Combined,1.600096176411243e-06
420,420,420,IPS,5.101529177023039e-08
421,421,421,DR,7.913410966466036e-07
422,422,422,DM,1.2651401874449255e-08
423,423,423,SNIPS,4.06921990607724e-08
424,424,424,SwitchDR,4.749172711353778e-06
425,425,425,MIPS,6.041038895331625e-09
426,426,426,MIPS (w/ SLOPE),6.64484283610057e-08
427,427,427,Learned MIPS OneHot,2.0873126843030963e-08
428,428,428,Learned MIPS FineTune,4.1006784582970295e-08
429,429,429,Learned MIPS Combined,2.8566551058706807e-08
430,430,430,IPS,2.3138840879772176e-06
431,431,431,DR,7.53616404444901e-07
432,432,432,DM,7.480111542409151e-07
433,433,433,SNIPS,2.400506009797801e-06
434,434,434,SwitchDR,6.606081746040381e-06
435,435,435,MIPS,1.8785309818462216e-06
436,436,436,MIPS (w/ SLOPE),2.357090937549944e-06
437,437,437,Learned MIPS OneHot,1.7645994513327806e-06
438,438,438,Learned MIPS FineTune,2.614651390114671e-06
439,439,439,Learned MIPS Combined,2.368879927284288e-06
440,440,440,IPS,8.569309501153064e-07
441,441,441,DR,1.887859038895711e-07
442,442,442,DM,8.627034394184507e-06
443,443,443,SNIPS,6.725578728132383e-07
444,444,444,SwitchDR,1.6373509403472711e-06
445,445,445,MIPS,5.487694090565016e-07
446,446,446,MIPS (w/ SLOPE),8.81490458551047e-07
447,447,447,Learned MIPS OneHot,8.26083729855963e-07
448,448,448,Learned MIPS FineTune,7.084688668769721e-07
449,449,449,Learned MIPS Combined,7.136573565051215e-07
450,450,450,IPS,8.978566674920695e-06
451,451,451,DR,7.076116482467153e-06
452,452,452,DM,1.922584139129873e-06
453,453,453,SNIPS,9.04941088205736e-06
454,454,454,SwitchDR,3.779969331347386e-07
455,455,455,MIPS,8.800901809800164e-06
456,456,456,MIPS (w/ SLOPE),3.6874917081703534e-06
457,457,457,Learned MIPS OneHot,3.150841364035909e-06
458,458,458,Learned MIPS FineTune,3.3621483907224657e-06
459,459,459,Learned MIPS Combined,4.178676817776963e-06
460,460,460,IPS,9.136791405126642e-07
461,461,461,DR,8.91185986739543e-08
462,462,462,DM,8.112405015981397e-06
463,463,463,SNIPS,7.380963406485359e-07
464,464,464,SwitchDR,7.157640136137361e-09
465,465,465,MIPS,1.6876779981339017e-06
466,466,466,MIPS (w/ SLOPE),1.9657822467088493e-06
467,467,467,Learned MIPS OneHot,2.9412977955831223e-06
468,468,468,Learned MIPS FineTune,2.479217206601638e-06
469,469,469,Learned MIPS Combined,3.3429935075056497e-06
470,470,470,IPS,2.864846181988728e-06
471,471,471,DR,5.968868192553769e-07
472,472,472,DM,2.0208646309026968e-05
473,473,473,SNIPS,2.533038741241076e-06
474,474,474,SwitchDR,3.781831797523603e-06
475,475,475,MIPS,4.127771511064507e-06
476,476,476,MIPS (w/ SLOPE),2.8070652125558863e-06
477,477,477,Learned MIPS OneHot,3.7825671544671735e-06
478,478,478,Learned MIPS FineTune,3.506533228579447e-06
479,479,479,Learned MIPS Combined,3.834053850124982e-06
480,480,480,IPS,2.166152999026633e-06
481,481,481,DR,1.7835485921656208e-06
482,482,482,DM,2.8969448767165855e-07
483,483,483,SNIPS,1.998323184353095e-06
484,484,484,SwitchDR,1.4820367570404756e-08
485,485,485,MIPS,2.990554596594797e-06
486,486,486,MIPS (w/ SLOPE),2.526673377972593e-06
487,487,487,Learned MIPS OneHot,1.4889000940080824e-06
488,488,488,Learned MIPS FineTune,1.8545931570857613e-06
489,489,489,Learned MIPS Combined,1.9646474848369834e-06
490,490,490,IPS,4.067585701786327e-06
491,491,491,DR,7.084824536050647e-06
492,492,492,DM,1.754257048016766e-05
493,493,493,SNIPS,3.973957296505934e-06
494,494,494,SwitchDR,1.9251231934381868e-07
495,495,495,MIPS,5.16436507486239e-06
496,496,496,MIPS (w/ SLOPE),5.3744418072737774e-06
497,497,497,Learned MIPS OneHot,4.284328333344631e-06
498,498,498,Learned MIPS FineTune,4.588839486287088e-06
499,499,499,Learned MIPS Combined,4.527212424514134e-06
500,500,500,IPS,5.2083713402607e-06
501,501,501,DR,2.58110845260144e-06
502,502,502,DM,1.110133053659431e-05
503,503,503,SNIPS,4.647504846132167e-06
504,504,504,SwitchDR,4.608907646258823e-06
505,505,505,MIPS,4.287034337067584e-06
506,506,506,MIPS (w/ SLOPE),4.965605157541617e-06
507,507,507,Learned MIPS OneHot,3.2801753037310867e-06
508,508,508,Learned MIPS FineTune,3.5599621325437186e-06
509,509,509,Learned MIPS Combined,3.974616699921207e-06
510,510,510,IPS,4.878910751318584e-06
511,511,511,DR,6.901224802577359e-06
512,512,512,DM,5.797256799804621e-06
513,513,513,SNIPS,4.544033247528044e-06
514,514,514,SwitchDR,3.139913685284009e-06
515,515,515,MIPS,5.560560537890349e-06
516,516,516,MIPS (w/ SLOPE),5.202661269833413e-06
517,517,517,Learned MIPS OneHot,4.225477694711103e-06
518,518,518,Learned MIPS FineTune,4.510506107230747e-06
519,519,519,Learned MIPS Combined,3.7397661146275407e-06
520,520,520,IPS,1.5167174256507824e-05
521,521,521,DR,1.516321886651784e-05
522,522,522,DM,7.334790398459977e-07
523,523,523,SNIPS,1.4915022817973226e-05
524,524,524,SwitchDR,1.1028732372250266e-05
525,525,525,MIPS,1.3227880538819877e-05
526,526,526,MIPS (w/ SLOPE),8.705170345904881e-06
527,527,527,Learned MIPS OneHot,6.30141205625579e-06
528,528,528,Learned MIPS FineTune,7.674198927118794e-06
529,529,529,Learned MIPS Combined,8.46715952256155e-06
530,530,530,IPS,1.1574322852561555e-05
531,531,531,DR,1.2785230718429717e-05
532,532,532,DM,2.6907423122305074e-06
533,533,533,SNIPS,1.1601424409534988e-05
534,534,534,SwitchDR,1.0894567679397707e-05
535,535,535,MIPS,1.0063801130731986e-05
536,536,536,MIPS (w/ SLOPE),5.967081517184891e-06
537,537,537,Learned MIPS OneHot,5.60784259399463e-06
538,538,538,Learned MIPS FineTune,5.471385556361393e-06
539,539,539,Learned MIPS Combined,7.131076693786604e-06
540,540,540,IPS,6.0799992854341165e-09
541,541,541,DR,3.711227482760865e-08
542,542,542,DM,1.013193997654368e-07
543,543,543,SNIPS,9.963238196183428e-09
544,544,544,SwitchDR,3.035365167364168e-08
545,545,545,MIPS,7.723588181825375e-08
546,546,546,MIPS (w/ SLOPE),1.8384709190035807e-06
547,547,547,Learned MIPS OneHot,2.0449415128637063e-06
548,548,548,Learned MIPS FineTune,2.9713701555998182e-06
549,549,549,Learned MIPS Combined,1.391018810344317e-06
550,550,550,IPS,5.623090484885256e-06
551,551,551,DR,3.200367166478855e-05
552,552,552,DM,2.1913020005281376e-05
553,553,553,SNIPS,5.270186755047889e-06
554,554,554,SwitchDR,1.6238427470263792e-05
555,555,555,MIPS,3.759082356758632e-06
556,556,556,MIPS (w/ SLOPE),2.6920436423612e-06
557,557,557,Learned MIPS OneHot,2.694333777902615e-06
558,558,558,Learned MIPS FineTune,2.764697142576772e-06
559,559,559,Learned MIPS Combined,3.22708337777525e-06
560,560,560,IPS,5.407046365101484e-06
561,561,561,DR,4.264468309348995e-06
562,562,562,DM,2.7906453490549624e-06
563,563,563,SNIPS,5.211580983380692e-06
564,564,564,SwitchDR,4.140587940096774e-07
565,565,565,MIPS,5.48629360863631e-06
566,566,566,MIPS (w/ SLOPE),1.8259091515255992e-06
567,567,567,Learned MIPS OneHot,6.274868357438995e-07
568,568,568,Learned MIPS FineTune,1.147914593871879e-06
569,569,569,Learned MIPS Combined,1.2133050788426014e-06
570,570,570,IPS,5.4594355356362566e-08
571,571,571,DR,2.439427939639884e-08
572,572,572,DM,1.3994735806750304e-05
573,573,573,SNIPS,1.0544672197670924e-07
574,574,574,SwitchDR,8.399187335869659e-07
575,575,575,MIPS,5.282795845084603e-08
576,576,576,MIPS (w/ SLOPE),3.561070459260044e-06
577,577,577,Learned MIPS OneHot,4.041158855903162e-06
578,578,578,Learned MIPS FineTune,3.4178666845627985e-06
579,579,579,Learned MIPS Combined,3.7517322181777767e-06
580,580,580,IPS,1.959175906148064e-06
581,581,581,DR,8.941494526569936e-09
582,582,582,DM,6.971905416764415e-05
583,583,583,SNIPS,1.955881501203907e-06
584,584,584,SwitchDR,5.244566593219264e-07
585,585,585,MIPS,8.925987274872258e-07
586,586,586,MIPS (w/ SLOPE),3.469254557298461e-07
587,587,587,Learned MIPS OneHot,1.180497417089423e-06
588,588,588,Learned MIPS FineTune,8.711534196473297e-07
589,589,589,Learned MIPS Combined,1.1642174254896452e-06
590,590,590,IPS,9.932239982921965e-06
591,591,591,DR,4.041369077700149e-06
592,592,592,DM,2.151318788434716e-06
593,593,593,SNIPS,9.949145382212585e-06
594,594,594,SwitchDR,6.992475407457407e-07
595,595,595,MIPS,7.895715860596515e-06
596,596,596,MIPS (w/ SLOPE),4.328732942694763e-06
597,597,597,Learned MIPS OneHot,4.1899248187463465e-06
598,598,598,Learned MIPS FineTune,3.971913168206054e-06
599,599,599,Learned MIPS Combined,4.43246816156362e-06
600,600,600,IPS,3.951609841748545e-06
601,601,601,DR,2.0920005026888173e-05
602,602,602,DM,1.1232854388871476e-05
603,603,603,SNIPS,3.5223352623545006e-06
604,604,604,SwitchDR,1.400321890109632e-06
605,605,605,MIPS,4.525183914825412e-06
606,606,606,MIPS (w/ SLOPE),2.3570337978553103e-06
607,607,607,Learned MIPS OneHot,2.376256059069827e-06
608,608,608,Learned MIPS FineTune,3.057047666827792e-06
609,609,609,Learned MIPS Combined,2.855907699759546e-06
610,610,610,IPS,1.1998697218394369e-06
611,611,611,DR,3.2418062925453206e-06
612,612,612,DM,2.315891120808388e-07
613,613,613,SNIPS,9.787755341677943e-07
614,614,614,SwitchDR,7.614868442558293e-06
615,615,615,MIPS,2.6723906131909875e-06
616,616,616,MIPS (w/ SLOPE),5.250958209709733e-06
617,617,617,Learned MIPS OneHot,4.726812873033583e-06
618,618,618,Learned MIPS FineTune,4.520074891351054e-06
619,619,619,Learned MIPS Combined,5.040846361255272e-06
620,620,620,IPS,1.8372871278516727e-06
621,621,621,DR,2.261415480729508e-07
622,622,622,DM,2.9359275337672267e-06
623,623,623,SNIPS,1.7685890923921184e-06
624,624,624,SwitchDR,2.04530483912642e-06
625,625,625,MIPS,9.774646326615177e-07
626,626,626,MIPS (w/ SLOPE),1.4122155029852468e-06
627,627,627,Learned MIPS OneHot,4.84296096072787e-07
628,628,628,Learned MIPS FineTune,4.214911789084087e-08
629,629,629,Learned MIPS Combined,8.110484309173266e-07
630,630,630,IPS,4.672625449975237e-06
631,631,631,DR,6.5430087662372265e-06
632,632,632,DM,5.977199658131084e-06
633,633,633,SNIPS,4.866726771053815e-06
634,634,634,SwitchDR,4.673462188179567e-06
635,635,635,MIPS,5.231526728872804e-06
636,636,636,MIPS (w/ SLOPE),6.009646341819392e-06
637,637,637,Learned MIPS OneHot,3.4988138680958737e-06
638,638,638,Learned MIPS FineTune,4.542266525969983e-06
639,639,639,Learned MIPS Combined,3.7554213778273e-06
640,640,640,IPS,7.338760355876653e-07
641,641,641,DR,6.594987685600192e-08
642,642,642,DM,7.193777217882284e-05
643,643,643,SNIPS,8.188416797401447e-07
644,644,644,SwitchDR,6.594987685600192e-08
645,645,645,MIPS,1.734098144687051e-06
646,646,646,MIPS (w/ SLOPE),3.370672298927004e-06
647,647,647,Learned MIPS OneHot,3.320839816421782e-06
648,648,648,Learned MIPS FineTune,3.4247476049403496e-06
649,649,649,Learned MIPS Combined,3.198511879097986e-06
650,650,650,IPS,2.1141905903449e-06
651,651,651,DR,1.3182482656811648e-06
652,652,652,DM,5.315454655475839e-06
653,653,653,SNIPS,1.824609385437776e-06
654,654,654,SwitchDR,2.1639595182594295e-07
655,655,655,MIPS,2.9632032716648653e-06
656,656,656,MIPS (w/ SLOPE),3.924441299339789e-06
657,657,657,Learned MIPS OneHot,3.4440907674203755e-06
658,658,658,Learned MIPS FineTune,3.4599360798439538e-06
659,659,659,Learned MIPS Combined,4.264181337300787e-06
660,660,660,IPS,3.070330711664172e-07
661,661,661,DR,7.136394911798506e-08
662,662,662,DM,6.644437606765741e-06
663,663,663,SNIPS,3.5043839324961574e-07
664,664,664,SwitchDR,2.770280534684343e-07
665,665,665,MIPS,9.755169858109389e-07
666,666,666,MIPS (w/ SLOPE),2.0960896643770604e-06
667,667,667,Learned MIPS OneHot,2.7420753277965328e-06
668,668,668,Learned MIPS FineTune,2.849850303848085e-06
669,669,669,Learned MIPS Combined,3.200390125978e-06
670,670,670,IPS,6.485459320006836e-08
671,671,671,DR,5.1748234978614344e-08
672,672,672,DM,5.550829536596284e-07
673,673,673,SNIPS,4.970029118096895e-08
674,674,674,SwitchDR,6.281870933085509e-06
675,675,675,MIPS,1.7467406207783005e-07
676,676,676,MIPS (w/ SLOPE),7.729422025590782e-07
677,677,677,Learned MIPS OneHot,8.502504744993088e-07
678,678,678,Learned MIPS FineTune,9.07016090095604e-07
679,679,679,Learned MIPS Combined,1.0068611375489938e-06
680,680,680,IPS,4.410779763724915e-06
681,681,681,DR,5.671641960539719e-06
682,682,682,DM,1.0243529702037942e-06
683,683,683,SNIPS,4.146911523134397e-06
684,684,684,SwitchDR,5.375255033671094e-06
685,685,685,MIPS,5.313278156679834e-06
686,686,686,MIPS (w/ SLOPE),3.153048108676287e-06
687,687,687,Learned MIPS OneHot,2.727265552007603e-06
688,688,688,Learned MIPS FineTune,2.8881366504314977e-06
689,689,689,Learned MIPS Combined,3.525880265411478e-06
690,690,690,IPS,3.2419239461652054e-06
691,691,691,DR,4.022243522363179e-06
692,692,692,DM,8.7564970993821e-06
693,693,693,SNIPS,4.107653807386684e-06
694,694,694,SwitchDR,2.524884075460847e-06
695,695,695,MIPS,1.0086270783286826e-06
696,696,696,MIPS (w/ SLOPE),1.1552854534361549e-06
697,697,697,Learned MIPS OneHot,6.542826306833108e-07
698,698,698,Learned MIPS FineTune,1.3730727201339332e-06
699,699,699,Learned MIPS Combined,1.3757037705755848e-07
700,700,700,IPS,5.0939842235095885e-06
701,701,701,DR,1.7985111204807042e-05
702,702,702,DM,7.266388713361965e-06
703,703,703,SNIPS,5.552246733753019e-06
704,704,704,SwitchDR,1.7979313196794825e-05
705,705,705,MIPS,6.430459633962141e-06
706,706,706,MIPS (w/ SLOPE),5.645880902457687e-06
707,707,707,Learned MIPS OneHot,3.735435306995248e-06
708,708,708,Learned MIPS FineTune,6.007678240165613e-06
709,709,709,Learned MIPS Combined,4.1802328448641146e-06
710,710,710,IPS,5.486957924951443e-06
711,711,711,DR,3.565375596873178e-06
712,712,712,DM,1.4347630404007792e-05
713,713,713,SNIPS,5.25766968839866e-06
714,714,714,SwitchDR,2.2839573956474413e-06
715,715,715,MIPS,5.630577351644618e-06
716,716,716,MIPS (w/ SLOPE),2.167303106244756e-06
717,717,717,Learned MIPS OneHot,1.9810596631456057e-06
718,718,718,Learned MIPS FineTune,2.033331866699371e-06
719,719,719,Learned MIPS Combined,2.5711231150501595e-06
720,720,720,IPS,7.944425065391443e-06
721,721,721,DR,4.549770771911488e-07
722,722,722,DM,1.8360227518751448e-06
723,723,723,SNIPS,8.358022699401517e-06
724,724,724,SwitchDR,1.9624096329980405e-06
725,725,725,MIPS,7.049476042225396e-06
726,726,726,MIPS (w/ SLOPE),2.5855600904807904e-06
727,727,727,Learned MIPS OneHot,2.4452516542073552e-06
728,728,728,Learned MIPS FineTune,2.12152503717302e-06
729,729,729,Learned MIPS Combined,2.7633849867494023e-06
730,730,730,IPS,3.467156458901661e-07
731,731,731,DR,7.994010027482995e-10
732,732,732,DM,2.265429361959241e-07
733,733,733,SNIPS,4.769919788294608e-07
734,734,734,SwitchDR,2.0207988025025543e-06
735,735,735,MIPS,4.9016342605488006e-08
736,736,736,MIPS (w/ SLOPE),7.267686627677576e-07
737,737,737,Learned MIPS OneHot,6.719917705749329e-07
738,738,738,Learned MIPS FineTune,1.0951926999483597e-06
739,739,739,Learned MIPS Combined,1.215384930975925e-06
740,740,740,IPS,3.423482974917093e-06
741,741,741,DR,3.638484121825777e-06
742,742,742,DM,2.0126500164401426e-05
743,743,743,SNIPS,3.695681050437556e-06
744,744,744,SwitchDR,9.887670524774698e-06
745,745,745,MIPS,2.8912349115389345e-06
746,746,746,MIPS (w/ SLOPE),3.1244781284389767e-06
747,747,747,Learned MIPS OneHot,3.644145340858306e-06
748,748,748,Learned MIPS FineTune,3.849822459472053e-06
749,749,749,Learned MIPS Combined,4.135157722858157e-06
750,750,750,IPS,2.421962772820825e-06
751,751,751,DR,9.241193818510906e-10
752,752,752,DM,5.8220003786028365e-06
753,753,753,SNIPS,2.2555530586570183e-06
754,754,754,SwitchDR,8.094480572706177e-07
755,755,755,MIPS,1.631842738526907e-07
756,756,756,MIPS (w/ SLOPE),1.0588152152661697e-07
757,757,757,Learned MIPS OneHot,1.7243170725553117e-07
758,758,758,Learned MIPS FineTune,2.2900971998760098e-08
759,759,759,Learned MIPS Combined,1.492763033195174e-07
760,760,760,IPS,4.39869098878193e-06
761,761,761,DR,1.679427387941896e-06
762,762,762,DM,2.1215588930226505e-05
763,763,763,SNIPS,4.035914488664946e-06
764,764,764,SwitchDR,9.308711288992876e-06
765,765,765,MIPS,5.171101172673451e-06
766,766,766,MIPS (w/ SLOPE),2.1651536540048068e-06
767,767,767,Learned MIPS OneHot,1.2699322630587603e-06
768,768,768,Learned MIPS FineTune,1.4471385888804415e-06
769,769,769,Learned MIPS Combined,1.3452002455896798e-06
770,770,770,IPS,1.1488959712717364e-06
771,771,771,DR,3.933128639825078e-06
772,772,772,DM,2.508657305933017e-06
773,773,773,SNIPS,8.924339672129358e-07
774,774,774,SwitchDR,8.916150877448277e-06
775,775,775,MIPS,3.646144966558932e-06
776,776,776,MIPS (w/ SLOPE),2.4791886515570795e-06
777,777,777,Learned MIPS OneHot,1.8809780895832185e-06
778,778,778,Learned MIPS FineTune,2.271475350091483e-06
779,779,779,Learned MIPS Combined,2.0295058261481668e-06
780,780,780,IPS,2.1708652731060675e-06
781,781,781,DR,7.24936950532495e-06
782,782,782,DM,5.255040206327735e-06
783,783,783,SNIPS,1.9335100684962083e-06
784,784,784,SwitchDR,2.0496398101983324e-06
785,785,785,MIPS,3.037777662870848e-06
786,786,786,MIPS (w/ SLOPE),4.046291913573199e-06
787,787,787,Learned MIPS OneHot,4.301629619712967e-06
788,788,788,Learned MIPS FineTune,4.736725588380807e-06
789,789,789,Learned MIPS Combined,4.1958309158085244e-06
790,790,790,IPS,1.078482446869922e-05
791,791,791,DR,2.441650227366341e-05
792,792,792,DM,7.3151133455905345e-06
793,793,793,SNIPS,1.0731184300246432e-05
794,794,794,SwitchDR,2.042031035098117e-05
795,795,795,MIPS,1.1104231804970803e-05
796,796,796,MIPS (w/ SLOPE),7.203700502561634e-06
797,797,797,Learned MIPS OneHot,4.355626427402024e-06
798,798,798,Learned MIPS FineTune,4.712061408532584e-06
799,799,799,Learned MIPS Combined,6.035993131760667e-06
800,800,800,IPS,5.77933932500971e-06
801,801,801,DR,3.798808989256344e-06
802,802,802,DM,2.552580606998989e-07
803,803,803,SNIPS,5.63282740025633e-06
804,804,804,SwitchDR,3.427758073203093e-06
805,805,805,MIPS,7.068822936193868e-06
806,806,806,MIPS (w/ SLOPE),3.2430697376080766e-06
807,807,807,Learned MIPS OneHot,2.750724898209398e-06
808,808,808,Learned MIPS FineTune,2.861929655612234e-06
809,809,809,Learned MIPS Combined,2.9433684338614315e-06
810,810,810,IPS,1.4060876073275409e-06
811,811,811,DR,2.103666714565578e-06
812,812,812,DM,4.931111261461048e-06
813,813,813,SNIPS,1.36510946108354e-06
814,814,814,SwitchDR,1.1632845764555888e-06
815,815,815,MIPS,1.6950267881085573e-06
816,816,816,MIPS (w/ SLOPE),2.5931360969674745e-06
817,817,817,Learned MIPS OneHot,1.9311491332555387e-06
818,818,818,Learned MIPS FineTune,2.10674494208308e-06
819,819,819,Learned MIPS Combined,1.9974626447457e-06
820,820,820,IPS,1.4666032617786718e-05
821,821,821,DR,2.5307592207805245e-05
822,822,822,DM,3.251974670942571e-07
823,823,823,SNIPS,1.4782377372341936e-05
824,824,824,SwitchDR,2.6300853056217084e-05
825,825,825,MIPS,1.076953133749972e-05
826,826,826,MIPS (w/ SLOPE),9.023473171447251e-06
827,827,827,Learned MIPS OneHot,7.210361443152992e-06
828,828,828,Learned MIPS FineTune,7.046797701258823e-06
829,829,829,Learned MIPS Combined,8.6990216484849e-06
830,830,830,IPS,2.5322536711604624e-06
831,831,831,DR,2.4294398692661865e-06
832,832,832,DM,2.792982638879511e-06
833,833,833,SNIPS,2.5254138262765435e-06
834,834,834,SwitchDR,1.2534859197594815e-06
835,835,835,MIPS,5.418506675684886e-06
836,836,836,MIPS (w/ SLOPE),4.740894528289235e-06
837,837,837,Learned MIPS OneHot,2.8342381677324404e-06
838,838,838,Learned MIPS FineTune,3.89860561481137e-06
839,839,839,Learned MIPS Combined,3.59356585953588e-06
840,840,840,IPS,1.0114089603447832e-05
841,841,841,DR,1.4250642752701812e-05
842,842,842,DM,2.4975615927644e-07
843,843,843,SNIPS,9.874861760362618e-06
844,844,844,SwitchDR,2.635963282309852e-06
845,845,845,MIPS,7.352408519703056e-06
846,846,846,MIPS (w/ SLOPE),1.90307698172903e-06
847,847,847,Learned MIPS OneHot,2.603493414559984e-06
848,848,848,Learned MIPS FineTune,2.5433060765018377e-06
849,849,849,Learned MIPS Combined,3.375745931808603e-06
850,850,850,IPS,1.67060674750798e-05
851,851,851,DR,1.1797207166547676e-05
852,852,852,DM,1.594018739897677e-05
853,853,853,SNIPS,1.6637749755161415e-05
854,854,854,SwitchDR,9.165411160411923e-06
855,855,855,MIPS,1.3911409229558583e-05
856,856,856,MIPS (w/ SLOPE),4.0880486007431805e-06
857,857,857,Learned MIPS OneHot,3.219269929659909e-06
858,858,858,Learned MIPS FineTune,3.990840606895366e-06
859,859,859,Learned MIPS Combined,4.891970150253714e-06
860,860,860,IPS,6.656532353747613e-06
861,861,861,DR,4.039601594955768e-06
862,862,862,DM,9.821060549202414e-07
863,863,863,SNIPS,7.118688406615069e-06
864,864,864,SwitchDR,3.429401575325194e-06
865,865,865,MIPS,9.082725411550084e-06
866,866,866,MIPS (w/ SLOPE),4.063196632801846e-06
867,867,867,Learned MIPS OneHot,4.276369355039966e-06
868,868,868,Learned MIPS FineTune,4.063964705724552e-06
869,869,869,Learned MIPS Combined,3.917045590291226e-06
870,870,870,IPS,9.513681589289646e-06
871,871,871,DR,1.0539919126810376e-05
872,872,872,DM,4.886597157800035e-06
873,873,873,SNIPS,9.476965967929269e-06
874,874,874,SwitchDR,9.209883532428924e-06
875,875,875,MIPS,8.022613724112192e-06
876,876,876,MIPS (w/ SLOPE),5.132151361570103e-06
877,877,877,Learned MIPS OneHot,4.429125996640613e-06
878,878,878,Learned MIPS FineTune,4.468741577304279e-06
879,879,879,Learned MIPS Combined,4.988479234547136e-06
880,880,880,IPS,5.35763470482544e-08
881,881,881,DR,4.234543182748935e-06
882,882,882,DM,3.287355869705733e-07
883,883,883,SNIPS,3.7044152265951305e-08
884,884,884,SwitchDR,2.1397140509889228e-05
885,885,885,MIPS,2.2294426745133322e-07
886,886,886,MIPS (w/ SLOPE),1.4596642954823357e-06
887,887,887,Learned MIPS OneHot,1.8824287024458416e-06
888,888,888,Learned MIPS FineTune,1.449973928987627e-06
889,889,889,Learned MIPS Combined,7.099737554317855e-07
890,890,890,IPS,6.601742617519367e-06
891,891,891,DR,7.753946556781114e-06
892,892,892,DM,0.0001330244768796
893,893,893,SNIPS,6.627926591208716e-06
894,894,894,SwitchDR,2.8476671458223207e-05
895,895,895,MIPS,7.884381835231942e-06
896,896,896,MIPS (w/ SLOPE),8.897992055590965e-06
897,897,897,Learned MIPS OneHot,6.950259591532108e-06
898,898,898,Learned MIPS FineTune,6.564849623453565e-06
899,899,899,Learned MIPS Combined,7.081372056351134e-06
900,900,900,IPS,1.1275586582752637e-06
901,901,901,DR,4.827941410052748e-07
902,902,902,DM,5.181698267569038e-07
903,903,903,SNIPS,1.08295721605068e-06
904,904,904,SwitchDR,3.286011346344806e-10
905,905,905,MIPS,9.235323848478622e-09
906,906,906,MIPS (w/ SLOPE),2.860792606217293e-07
907,907,907,Learned MIPS OneHot,2.89603337164319e-08
908,908,908,Learned MIPS FineTune,1.0745468099209465e-07
909,909,909,Learned MIPS Combined,1.5603352845596355e-09
910,910,910,IPS,5.565542701947018e-07
911,911,911,DR,2.2278663678257445e-07
912,912,912,DM,1.115709284221034e-05
913,913,913,SNIPS,2.6314451472048737e-07
914,914,914,SwitchDR,5.724350514332918e-06
915,915,915,MIPS,2.623046833523324e-07
916,916,916,MIPS (w/ SLOPE),1.178331457548266e-06
917,917,917,Learned MIPS OneHot,8.807897782183748e-07
918,918,918,Learned MIPS FineTune,8.631285443680992e-07
919,919,919,Learned MIPS Combined,1.2468426488597388e-06
920,920,920,IPS,3.324443492678609e-06
921,921,921,DR,2.4322695180341267e-06
922,922,922,DM,5.578673873124128e-07
923,923,923,SNIPS,3.2400376298977443e-06
924,924,924,SwitchDR,9.010900009500072e-07
925,925,925,MIPS,3.2023968383488728e-06
926,926,926,MIPS (w/ SLOPE),4.339913930725223e-06
927,927,927,Learned MIPS OneHot,2.683203643129423e-06
928,928,928,Learned MIPS FineTune,3.058803478597684e-06
929,929,929,Learned MIPS Combined,2.6364296889659263e-06
930,930,930,IPS,5.627644313332917e-06
931,931,931,DR,9.18933187087757e-06
932,932,932,DM,1.908044753953724e-05
933,933,933,SNIPS,5.67091047212548e-06
934,934,934,SwitchDR,1.225084569434144e-07
935,935,935,MIPS,4.152532609458336e-06
936,936,936,MIPS (w/ SLOPE),4.749991527293761e-07
937,937,937,Learned MIPS OneHot,1.8235749285659543e-08
938,938,938,Learned MIPS FineTune,2.4741744552692008e-08
939,939,939,Learned MIPS Combined,2.2757170614951165e-07
940,940,940,IPS,1.5792085554465328e-06
941,941,941,DR,6.474383959467585e-06
942,942,942,DM,5.840747450256412e-07
943,943,943,SNIPS,1.4624121111431987e-06
944,944,944,SwitchDR,2.6662042234280323e-05
945,945,945,MIPS,5.548640080944409e-07
946,946,946,MIPS (w/ SLOPE),1.9975427839128426e-06
947,947,947,Learned MIPS OneHot,1.7836051614139083e-06
948,948,948,Learned MIPS FineTune,1.9057051071406928e-06
949,949,949,Learned MIPS Combined,2.1818553801361e-06
950,950,950,IPS,4.92054057882424e-07
951,951,951,DR,1.511632134709524e-07
952,952,952,DM,4.2479108278046e-05
953,953,953,SNIPS,3.363184046832324e-07
954,954,954,SwitchDR,7.571549460193766e-07
955,955,955,MIPS,9.001936285994525e-07
956,956,956,MIPS (w/ SLOPE),3.508452783244056e-07
957,957,957,Learned MIPS OneHot,2.3180151266913165e-07
958,958,958,Learned MIPS FineTune,4.221856763382828e-07
959,959,959,Learned MIPS Combined,5.032546829237211e-07
960,960,960,IPS,1.1439278970565556e-06
961,961,961,DR,4.225246539661163e-07
962,962,962,DM,1.701268528494588e-05
963,963,963,SNIPS,1.1418421336933169e-06
964,964,964,SwitchDR,4.698399968042873e-09
965,965,965,MIPS,1.08158804964539e-06
966,966,966,MIPS (w/ SLOPE),1.5404322962292932e-06
967,967,967,Learned MIPS OneHot,1.3808505473605242e-06
968,968,968,Learned MIPS FineTune,1.1685759081998303e-06
969,969,969,Learned MIPS Combined,1.4079211249998655e-06
970,970,970,IPS,2.5660808135186505e-11
971,971,971,DR,4.009978267301347e-09
972,972,972,DM,3.003969732959988e-06
973,973,973,SNIPS,1.5645685809013555e-09
974,974,974,SwitchDR,7.38946679071539e-07
975,975,975,MIPS,9.939514403129752e-07
976,976,976,MIPS (w/ SLOPE),2.0081040751329617e-07
977,977,977,Learned MIPS OneHot,6.066740970295296e-08
978,978,978,Learned MIPS FineTune,2.4317994208108454e-07
979,979,979,Learned MIPS Combined,1.1524169985450989e-07
980,980,980,IPS,4.684045803006304e-06
981,981,981,DR,6.746931426367373e-06
982,982,982,DM,8.878894335638245e-06
983,983,983,SNIPS,4.531738355332514e-06
984,984,984,SwitchDR,4.19115330184623e-07
985,985,985,MIPS,3.6711209441623568e-06
986,986,986,MIPS (w/ SLOPE),1.370235265236707e-06
987,987,987,Learned MIPS OneHot,8.583310674813943e-07
988,988,988,Learned MIPS FineTune,1.5247049584623423e-06
989,989,989,Learned MIPS Combined,1.614493599990464e-06
990,990,990,IPS,8.597712685031359e-06
991,991,991,DR,1.553212785025739e-05
992,992,992,DM,5.534224480968755e-06
993,993,993,SNIPS,8.534347303138371e-06
994,994,994,SwitchDR,1.6019685740602005e-05
995,995,995,MIPS,8.84615316988022e-06
996,996,996,MIPS (w/ SLOPE),5.593883844702038e-06
997,997,997,Learned MIPS OneHot,4.197147667411384e-06
998,998,998,Learned MIPS FineTune,4.469301469054635e-06
999,999,999,Learned MIPS Combined,5.787807313276102e-06
1000,1000,1000,IPS,6.816410573776744e-06
1001,1001,1001,DR,2.922060824985889e-06
1002,1002,1002,DM,7.015904134673539e-06
1003,1003,1003,SNIPS,6.902175643218214e-06
1004,1004,1004,SwitchDR,1.700092403467122e-05
1005,1005,1005,MIPS,4.924235334156409e-06
1006,1006,1006,MIPS (w/ SLOPE),2.583960539409859e-06
1007,1007,1007,Learned MIPS OneHot,1.487468377570209e-06
1008,1008,1008,Learned MIPS FineTune,2.279747026575918e-06
1009,1009,1009,Learned MIPS Combined,2.226830412208512e-06
1010,1010,1010,IPS,4.478241704519268e-06
1011,1011,1011,DR,4.120218132226117e-06
1012,1012,1012,DM,8.004414313823834e-07
1013,1013,1013,SNIPS,4.170987628208979e-06
1014,1014,1014,SwitchDR,7.885018735745624e-09
1015,1015,1015,MIPS,2.615818517395661e-06
1016,1016,1016,MIPS (w/ SLOPE),2.245676432172605e-06
1017,1017,1017,Learned MIPS OneHot,2.0382178309960645e-06
1018,1018,1018,Learned MIPS FineTune,2.57901731842818e-06
1019,1019,1019,Learned MIPS Combined,2.010160347192018e-06
1020,1020,1020,IPS,7.784243126673518e-06
1021,1021,1021,DR,7.166296214248587e-06
1022,1022,1022,DM,3.659499217800228e-06
1023,1023,1023,SNIPS,7.868196301821174e-06
1024,1024,1024,SwitchDR,1.6194339584594646e-08
1025,1025,1025,MIPS,9.49744293151857e-06
1026,1026,1026,MIPS (w/ SLOPE),5.915724971229797e-06
1027,1027,1027,Learned MIPS OneHot,4.415235589646125e-06
1028,1028,1028,Learned MIPS FineTune,5.014307821663394e-06
1029,1029,1029,Learned MIPS Combined,5.112257692546179e-06
1030,1030,1030,IPS,8.771226489692972e-06
1031,1031,1031,DR,7.405056574879788e-06
1032,1032,1032,DM,9.520751821908505e-06
1033,1033,1033,SNIPS,9.06372160199948e-06
1034,1034,1034,SwitchDR,1.5353166597354395e-05
1035,1035,1035,MIPS,6.684774357533513e-06
1036,1036,1036,MIPS (w/ SLOPE),2.82324774457869e-06
1037,1037,1037,Learned MIPS OneHot,1.8778130133894328e-06
1038,1038,1038,Learned MIPS FineTune,1.8224199035581992e-06
1039,1039,1039,Learned MIPS Combined,2.6921893901352247e-06
1040,1040,1040,IPS,8.598181841135331e-06
1041,1041,1041,DR,1.885752194261997e-05
1042,1042,1042,DM,3.1924588076380234e-08
1043,1043,1043,SNIPS,8.842304777798677e-06
1044,1044,1044,SwitchDR,7.6068302089735425e-06
1045,1045,1045,MIPS,6.514588568685241e-06
1046,1046,1046,MIPS (w/ SLOPE),2.9343114141348224e-06
1047,1047,1047,Learned MIPS OneHot,2.973976427358944e-06
1048,1048,1048,Learned MIPS FineTune,2.5108219342477706e-06
1049,1049,1049,Learned MIPS Combined,3.3909736423997035e-06
1050,1050,1050,IPS,8.812975740442487e-06
1051,1051,1051,DR,1.2277946312754238e-05
1052,1052,1052,DM,7.86134052016056e-06
1053,1053,1053,SNIPS,9.187623980735302e-06
1054,1054,1054,SwitchDR,1.3091893720476804e-05
1055,1055,1055,MIPS,4.418124256709662e-06
1056,1056,1056,MIPS (w/ SLOPE),8.890813298239869e-07
1057,1057,1057,Learned MIPS OneHot,3.062216788106603e-07
1058,1058,1058,Learned MIPS FineTune,1.219948354929952e-06
1059,1059,1059,Learned MIPS Combined,1.035279792072452e-06
1060,1060,1060,IPS,1.1917585760847883e-05
1061,1061,1061,DR,7.002774053328226e-05
1062,1062,1062,DM,2.904071157217501e-05
1063,1063,1063,SNIPS,1.1925958508958836e-05
1064,1064,1064,SwitchDR,7.002774053328226e-05
1065,1065,1065,MIPS,9.830453984388669e-06
1066,1066,1066,MIPS (w/ SLOPE),3.871281752370184e-06
1067,1067,1067,Learned MIPS OneHot,3.511447967093772e-06
1068,1068,1068,Learned MIPS FineTune,3.882166531306019e-06
1069,1069,1069,Learned MIPS Combined,4.064608582123507e-06
1070,1070,1070,IPS,1.8182517331021568e-06
1071,1071,1071,DR,6.192646447933329e-07
1072,1072,1072,DM,2.2011667018354574e-06
1073,1073,1073,SNIPS,1.7593263391653751e-06
1074,1074,1074,SwitchDR,1.5763521902093184e-06
1075,1075,1075,MIPS,2.0938894530645064e-06
1076,1076,1076,MIPS (w/ SLOPE),6.706491835430893e-07
1077,1077,1077,Learned MIPS OneHot,4.639638033888392e-07
1078,1078,1078,Learned MIPS FineTune,3.4311834530716765e-07
1079,1079,1079,Learned MIPS Combined,7.10354781760766e-07
1080,1080,1080,IPS,1.492629611376091e-07
1081,1081,1081,DR,7.482140055497446e-07
1082,1082,1082,DM,5.7320856213937805e-06
1083,1083,1083,SNIPS,1.5097381494369897e-07
1084,1084,1084,SwitchDR,2.31482823538132e-06
1085,1085,1085,MIPS,2.1345528395533362e-07
1086,1086,1086,MIPS (w/ SLOPE),1.0733483288306428e-06
1087,1087,1087,Learned MIPS OneHot,9.140215386049504e-07
1088,1088,1088,Learned MIPS FineTune,5.428952614464989e-07
1089,1089,1089,Learned MIPS Combined,9.419911223020668e-07
1090,1090,1090,IPS,7.768180873330532e-06
1091,1091,1091,DR,9.482504870469446e-07
1092,1092,1092,DM,8.273860359128185e-05
1093,1093,1093,SNIPS,7.795427400294503e-06
1094,1094,1094,SwitchDR,1.2397233965901818e-05
1095,1095,1095,MIPS,5.809773856273437e-06
1096,1096,1096,MIPS (w/ SLOPE),2.701564436126216e-06
1097,1097,1097,Learned MIPS OneHot,2.095028160337825e-06
1098,1098,1098,Learned MIPS FineTune,2.139033533698846e-06
1099,1099,1099,Learned MIPS Combined,2.8715619047443514e-06
1100,1100,1100,IPS,7.139293555611182e-06
1101,1101,1101,DR,5.306499222990689e-06
1102,1102,1102,DM,4.0545930417668186e-07
1103,1103,1103,SNIPS,6.835527000007749e-06
1104,1104,1104,SwitchDR,3.3829860154175083e-06
1105,1105,1105,MIPS,6.462651176669162e-06
1106,1106,1106,MIPS (w/ SLOPE),1.8992719460035224e-06
1107,1107,1107,Learned MIPS OneHot,2.865820315921026e-06
1108,1108,1108,Learned MIPS FineTune,3.7637696327642073e-06
1109,1109,1109,Learned MIPS Combined,3.2405307321831355e-06
1110,1110,1110,IPS,1.1294283162189522e-06
1111,1111,1111,DR,1.961457447656103e-06
1112,1112,1112,DM,1.2709666034799274e-07
1113,1113,1113,SNIPS,1.2600707536043848e-06
1114,1114,1114,SwitchDR,1.3592620617155643e-06
1115,1115,1115,MIPS,1.6338443697098613e-06
1116,1116,1116,MIPS (w/ SLOPE),1.2240465563698844e-06
1117,1117,1117,Learned MIPS OneHot,1.512827866577048e-06
1118,1118,1118,Learned MIPS FineTune,1.1715236696343857e-06
1119,1119,1119,Learned MIPS Combined,1.5043206099929158e-06
1120,1120,1120,IPS,2.802361876267275e-06
1121,1121,1121,DR,2.376345824988519e-07
1122,1122,1122,DM,5.5222326050727535e-05
1123,1123,1123,SNIPS,2.740430169964068e-06
1124,1124,1124,SwitchDR,1.914079592168535e-06
1125,1125,1125,MIPS,4.16743154066338e-06
1126,1126,1126,MIPS (w/ SLOPE),4.496816580896941e-06
1127,1127,1127,Learned MIPS OneHot,2.9416902894283657e-06
1128,1128,1128,Learned MIPS FineTune,4.0809904525536725e-06
1129,1129,1129,Learned MIPS Combined,3.304029625701448e-06
1130,1130,1130,IPS,3.5582999106083647e-06
1131,1131,1131,DR,4.952673516289713e-06
1132,1132,1132,DM,5.034396592713688e-07
1133,1133,1133,SNIPS,3.6234581475926457e-06
1134,1134,1134,SwitchDR,2.449896678122045e-07
1135,1135,1135,MIPS,3.3418799393227715e-06
1136,1136,1136,MIPS (w/ SLOPE),1.5061746533015282e-06
1137,1137,1137,Learned MIPS OneHot,9.303740296912288e-07
1138,1138,1138,Learned MIPS FineTune,1.318023630250419e-06
1139,1139,1139,Learned MIPS Combined,9.629137886146365e-07
1140,1140,1140,IPS,7.629227620787369e-06
1141,1141,1141,DR,1.6872831101722284e-05
1142,1142,1142,DM,3.609498629825573e-06
1143,1143,1143,SNIPS,7.899770777589173e-06
1144,1144,1144,SwitchDR,1.6872831101722284e-05
1145,1145,1145,MIPS,8.211224293032916e-06
1146,1146,1146,MIPS (w/ SLOPE),4.585819808050509e-06
1147,1147,1147,Learned MIPS OneHot,2.898451866648911e-06
1148,1148,1148,Learned MIPS FineTune,3.915259278706688e-06
1149,1149,1149,Learned MIPS Combined,3.594782042886598e-06
1150,1150,1150,IPS,7.0147826807371e-08
1151,1151,1151,DR,2.249042190545388e-05
1152,1152,1152,DM,2.129067147196181e-05
1153,1153,1153,SNIPS,1.1963193710217642e-07
1154,1154,1154,SwitchDR,2.249042190545388e-05
1155,1155,1155,MIPS,3.326952710182935e-08
1156,1156,1156,MIPS (w/ SLOPE),3.067712327733743e-06
1157,1157,1157,Learned MIPS OneHot,2.858151600009425e-06
1158,1158,1158,Learned MIPS FineTune,3.176571878224195e-06
1159,1159,1159,Learned MIPS Combined,3.2137742412554847e-06
1160,1160,1160,IPS,6.263335354806906e-06
1161,1161,1161,DR,3.776376112432399e-06
1162,1162,1162,DM,1.2498390985573856e-05
1163,1163,1163,SNIPS,6.334281450796453e-06
1164,1164,1164,SwitchDR,9.406993716925714e-07
1165,1165,1165,MIPS,6.05367459133202e-06
1166,1166,1166,MIPS (w/ SLOPE),3.681083968981532e-06
1167,1167,1167,Learned MIPS OneHot,3.529350001905377e-06
1168,1168,1168,Learned MIPS FineTune,4.620063725729221e-06
1169,1169,1169,Learned MIPS Combined,3.902339167468144e-06
1170,1170,1170,IPS,5.369534712200338e-06
1171,1171,1171,DR,1.0703543474795172e-05
1172,1172,1172,DM,4.054990986195648e-07
1173,1173,1173,SNIPS,5.256998648177304e-06
1174,1174,1174,SwitchDR,3.5039345879758178e-06
1175,1175,1175,MIPS,5.044928350651788e-06
1176,1176,1176,MIPS (w/ SLOPE),3.6557015199330615e-06
1177,1177,1177,Learned MIPS OneHot,3.189317107508304e-06
1178,1178,1178,Learned MIPS FineTune,2.931072865329538e-06
1179,1179,1179,Learned MIPS Combined,3.3515796413529548e-06
1180,1180,1180,IPS,3.4677353944088888e-06
1181,1181,1181,DR,9.115868621451385e-06
1182,1182,1182,DM,2.0252721436920413e-06
1183,1183,1183,SNIPS,3.4820930880330487e-06
1184,1184,1184,SwitchDR,1.5241079032373305e-06
1185,1185,1185,MIPS,3.203614328500288e-06
1186,1186,1186,MIPS (w/ SLOPE),2.155714356530456e-06
1187,1187,1187,Learned MIPS OneHot,2.342956816672004e-06
1188,1188,1188,Learned MIPS FineTune,2.636968437132108e-06
1189,1189,1189,Learned MIPS Combined,1.888371041424696e-06
1190,1190,1190,IPS,6.217218187201133e-10
1191,1191,1191,DR,2.9782101148803975e-07
1192,1192,1192,DM,9.550370840150686e-06
1193,1193,1193,SNIPS,6.797418472916091e-09
1194,1194,1194,SwitchDR,1.4394730660481112e-05
1195,1195,1195,MIPS,1.6244436716271475e-08
1196,1196,1196,MIPS (w/ SLOPE),2.727887261246537e-06
1197,1197,1197,Learned MIPS OneHot,1.3106849675906272e-06
1198,1198,1198,Learned MIPS FineTune,1.7923007636660556e-06
1199,1199,1199,Learned MIPS Combined,5.602805715561715e-07
1200,1200,1200,IPS,1.7302394077618156e-06
1201,1201,1201,DR,4.172907430031497e-06
1202,1202,1202,DM,9.004370028715496e-07
1203,1203,1203,SNIPS,1.7770386501618518e-06
1204,1204,1204,SwitchDR,5.415985854562951e-07
1205,1205,1205,MIPS,1.5763701775451898e-06
1206,1206,1206,MIPS (w/ SLOPE),1.7797773510944497e-06
1207,1207,1207,Learned MIPS OneHot,8.577933705595833e-07
1208,1208,1208,Learned MIPS FineTune,1.909532171718453e-06
1209,1209,1209,Learned MIPS Combined,1.7195623982731965e-06
1210,1210,1210,IPS,8.389744979459947e-06
1211,1211,1211,DR,1.9112796667549207e-05
1212,1212,1212,DM,4.252272538928495e-07
1213,1213,1213,SNIPS,8.299835299300156e-06
1214,1214,1214,SwitchDR,6.566666050971586e-06
1215,1215,1215,MIPS,9.694530300145885e-06
1216,1216,1216,MIPS (w/ SLOPE),6.821679656864443e-06
1217,1217,1217,Learned MIPS OneHot,5.94557460768004e-06
1218,1218,1218,Learned MIPS FineTune,5.334661594992204e-06
1219,1219,1219,Learned MIPS Combined,6.451186682577519e-06
1220,1220,1220,IPS,4.697213779757231e-06
1221,1221,1221,DR,3.556351274550334e-06
1222,1222,1222,DM,1.413528321655584e-05
1223,1223,1223,SNIPS,4.595444897162034e-06
1224,1224,1224,SwitchDR,2.2204679341192657e-06
1225,1225,1225,MIPS,1.7926097288107013e-06
1226,1226,1226,MIPS (w/ SLOPE),5.463429363828495e-07
1227,1227,1227,Learned MIPS OneHot,1.4300883854785096e-06
1228,1228,1228,Learned MIPS FineTune,1.467100976918287e-06
1229,1229,1229,Learned MIPS Combined,1.5899796629536004e-06
1230,1230,1230,IPS,6.90525742141876e-06
1231,1231,1231,DR,9.729951504990458e-07
1232,1232,1232,DM,4.806231041472937e-06
1233,1233,1233,SNIPS,6.697082039330636e-06
1234,1234,1234,SwitchDR,3.273460392855696e-07
1235,1235,1235,MIPS,6.011771402055827e-06
1236,1236,1236,MIPS (w/ SLOPE),1.198789244126081e-06
1237,1237,1237,Learned MIPS OneHot,1.4325131944257366e-06
1238,1238,1238,Learned MIPS FineTune,1.75030952413697e-06
1239,1239,1239,Learned MIPS Combined,1.9648344469280098e-06
1240,1240,1240,IPS,1.1550928199290772e-05
1241,1241,1241,DR,1.185616944774354e-05
1242,1242,1242,DM,1.379637031341144e-06
1243,1243,1243,SNIPS,1.1805400477678854e-05
1244,1244,1244,SwitchDR,6.363404595577869e-06
1245,1245,1245,MIPS,8.584009859937776e-06
1246,1246,1246,MIPS (w/ SLOPE),1.7629759604326832e-06
1247,1247,1247,Learned MIPS OneHot,1.4166531203401065e-06
1248,1248,1248,Learned MIPS FineTune,1.5681906868949805e-06
1249,1249,1249,Learned MIPS Combined,2.1114636606017736e-06
1250,1250,1250,IPS,1.0617337715428254e-05
1251,1251,1251,DR,3.5606357814015106e-08
1252,1252,1252,DM,7.476205317990689e-06
1253,1253,1253,SNIPS,1.0730446348297568e-05
1254,1254,1254,SwitchDR,5.887338636734224e-06
1255,1255,1255,MIPS,8.405890111125687e-06
1256,1256,1256,MIPS (w/ SLOPE),6.387385794236752e-06
1257,1257,1257,Learned MIPS OneHot,4.116974661691046e-06
1258,1258,1258,Learned MIPS FineTune,4.3694196445527175e-06
1259,1259,1259,Learned MIPS Combined,4.794176137436235e-06
1260,1260,1260,IPS,1.5261777037900403e-06
1261,1261,1261,DR,1.053629338346571e-06
1262,1262,1262,DM,6.194543221033133e-06
1263,1263,1263,SNIPS,1.5708430927582824e-06
1264,1264,1264,SwitchDR,1.2183975035745892e-05
1265,1265,1265,MIPS,1.2987228414268154e-06
1266,1266,1266,MIPS (w/ SLOPE),1.2162703565609109e-06
1267,1267,1267,Learned MIPS OneHot,2.096773467095101e-06
1268,1268,1268,Learned MIPS FineTune,1.815183078157552e-06
1269,1269,1269,Learned MIPS Combined,2.588598911652515e-06
1270,1270,1270,IPS,1.1412678800777969e-05
1271,1271,1271,DR,1.0759503114212245e-05
1272,1272,1272,DM,8.912110107001017e-06
1273,1273,1273,SNIPS,1.1129695737539606e-05
1274,1274,1274,SwitchDR,1.570185385048028e-05
1275,1275,1275,MIPS,8.352615563068872e-06
1276,1276,1276,MIPS (w/ SLOPE),4.681390947254171e-06
1277,1277,1277,Learned MIPS OneHot,3.823727105301978e-06
1278,1278,1278,Learned MIPS FineTune,3.904132610989277e-06
1279,1279,1279,Learned MIPS Combined,4.696554525931059e-06
1280,1280,1280,IPS,5.121104051307475e-06
1281,1281,1281,DR,5.161816240748139e-07
1282,1282,1282,DM,3.556861886720173e-06
1283,1283,1283,SNIPS,4.7979587007185255e-06
1284,1284,1284,SwitchDR,5.517761480574184e-07
1285,1285,1285,MIPS,5.76108385583121e-06
1286,1286,1286,MIPS (w/ SLOPE),4.149080119314891e-06
1287,1287,1287,Learned MIPS OneHot,4.816231104124199e-06
1288,1288,1288,Learned MIPS FineTune,4.399075131667784e-06
1289,1289,1289,Learned MIPS Combined,5.211906451107345e-06
1290,1290,1290,IPS,1.2083310488735446e-05
1291,1291,1291,DR,3.719619204800386e-05
1292,1292,1292,DM,4.301632639366333e-06
1293,1293,1293,SNIPS,1.2248953026069366e-05
1294,1294,1294,SwitchDR,9.287021931496828e-06
1295,1295,1295,MIPS,1.1158751059897306e-05
1296,1296,1296,MIPS (w/ SLOPE),5.248807213020328e-06
1297,1297,1297,Learned MIPS OneHot,3.144482811602845e-06
1298,1298,1298,Learned MIPS FineTune,4.257222146636681e-06
1299,1299,1299,Learned MIPS Combined,4.759270143113537e-06
1300,1300,1300,IPS,1.4761901292772384e-06
1301,1301,1301,DR,2.4366637967191075e-06
1302,1302,1302,DM,3.5736198971328574e-05
1303,1303,1303,SNIPS,1.753182854756114e-06
1304,1304,1304,SwitchDR,2.717559919061043e-06
1305,1305,1305,MIPS,1.7469917319655891e-06
1306,1306,1306,MIPS (w/ SLOPE),1.6934622262507522e-06
1307,1307,1307,Learned MIPS OneHot,1.1215641124243424e-06
1308,1308,1308,Learned MIPS FineTune,6.682978123123282e-07
1309,1309,1309,Learned MIPS Combined,2.423366482801161e-06
1310,1310,1310,IPS,1.6377434303075712e-08
1311,1311,1311,DR,4.109955471948195e-07
1312,1312,1312,DM,4.294986457013763e-06
1313,1313,1313,SNIPS,6.168832576671795e-08
1314,1314,1314,SwitchDR,1.1433337870031935e-06
1315,1315,1315,MIPS,1.917958860050951e-07
1316,1316,1316,MIPS (w/ SLOPE),2.3331455525054536e-06
1317,1317,1317,Learned MIPS OneHot,2.021114875044244e-06
1318,1318,1318,Learned MIPS FineTune,2.315239389527225e-06
1319,1319,1319,Learned MIPS Combined,2.288195760924792e-06
1320,1320,1320,IPS,3.693875080875801e-06
1321,1321,1321,DR,4.084272327007936e-06
1322,1322,1322,DM,1.3783476655843756e-05
1323,1323,1323,SNIPS,3.5436182710089003e-06
1324,1324,1324,SwitchDR,6.574798698759803e-06
1325,1325,1325,MIPS,5.27945704284963e-06
1326,1326,1326,MIPS (w/ SLOPE),4.273448390878928e-06
1327,1327,1327,Learned MIPS OneHot,2.6838198019869257e-06
1328,1328,1328,Learned MIPS FineTune,3.34812505827392e-06
1329,1329,1329,Learned MIPS Combined,2.9558218624883446e-06
1330,1330,1330,IPS,2.310477976121613e-06
1331,1331,1331,DR,1.277978191355505e-07
1332,1332,1332,DM,1.6827655121200618e-05
1333,1333,1333,SNIPS,2.154386244265778e-06
1334,1334,1334,SwitchDR,3.2708847196651907e-06
1335,1335,1335,MIPS,3.537096917783884e-06
1336,1336,1336,MIPS (w/ SLOPE),2.2349371143453223e-06
1337,1337,1337,Learned MIPS OneHot,7.744902783404283e-07
1338,1338,1338,Learned MIPS FineTune,8.688531294267269e-07
1339,1339,1339,Learned MIPS Combined,7.688845582220658e-07
1340,1340,1340,IPS,8.150486269394627e-06
1341,1341,1341,DR,5.228891793030481e-06
1342,1342,1342,DM,1.3287716680089748e-05
1343,1343,1343,SNIPS,8.435896519235736e-06
1344,1344,1344,SwitchDR,4.2768180626529e-06
1345,1345,1345,MIPS,5.83436515031641e-06
1346,1346,1346,MIPS (w/ SLOPE),2.7374495584078835e-06
1347,1347,1347,Learned MIPS OneHot,3.113067635820538e-06
1348,1348,1348,Learned MIPS FineTune,3.243785889199362e-06
1349,1349,1349,Learned MIPS Combined,3.4202716067444507e-06
1350,1350,1350,IPS,1.88113746955e-06
1351,1351,1351,DR,1.1155765589728968e-06
1352,1352,1352,DM,8.137727190782694e-08
1353,1353,1353,SNIPS,1.7771038726994474e-06
1354,1354,1354,SwitchDR,5.31034760437187e-06
1355,1355,1355,MIPS,1.3221827033659126e-06
1356,1356,1356,MIPS (w/ SLOPE),6.599585252502533e-07
1357,1357,1357,Learned MIPS OneHot,2.691668881190848e-07
1358,1358,1358,Learned MIPS FineTune,3.996159140167639e-07
1359,1359,1359,Learned MIPS Combined,5.374355929399634e-07
1360,1360,1360,IPS,6.012822117896744e-06
1361,1361,1361,DR,8.240392597221301e-06
1362,1362,1362,DM,1.2488671143286804e-07
1363,1363,1363,SNIPS,5.695665569565053e-06
1364,1364,1364,SwitchDR,6.945542163957483e-06
1365,1365,1365,MIPS,4.13232318391302e-06
1366,1366,1366,MIPS (w/ SLOPE),9.704586902006724e-07
1367,1367,1367,Learned MIPS OneHot,1.39991022097089e-06
1368,1368,1368,Learned MIPS FineTune,1.4117576137765427e-06
1369,1369,1369,Learned MIPS Combined,1.58804795141728e-06
1370,1370,1370,IPS,6.394011798557901e-07
1371,1371,1371,DR,7.820533626300664e-07
1372,1372,1372,DM,5.263545728902453e-07
1373,1373,1373,SNIPS,5.667625505497288e-07
1374,1374,1374,SwitchDR,8.948984026051377e-07
1375,1375,1375,MIPS,6.947259282748823e-07
1376,1376,1376,MIPS (w/ SLOPE),2.3998953068174688e-06
1377,1377,1377,Learned MIPS OneHot,1.984077937258216e-06
1378,1378,1378,Learned MIPS FineTune,2.3107555912556506e-06
1379,1379,1379,Learned MIPS Combined,1.6862534103222148e-06
1380,1380,1380,IPS,6.044528366556085e-07
1381,1381,1381,DR,5.596280683149076e-06
1382,1382,1382,DM,7.691602739264321e-07
1383,1383,1383,SNIPS,6.03442268661465e-07
1384,1384,1384,SwitchDR,3.09382450325624e-06
1385,1385,1385,MIPS,8.563322071115487e-07
1386,1386,1386,MIPS (w/ SLOPE),5.457766964574348e-07
1387,1387,1387,Learned MIPS OneHot,2.389343761414723e-07
1388,1388,1388,Learned MIPS FineTune,3.678832624804646e-07
1389,1389,1389,Learned MIPS Combined,3.1727633026988346e-07
1390,1390,1390,IPS,1.0406209190711738e-05
1391,1391,1391,DR,1.7103969625548742e-05
1392,1392,1392,DM,1.548782113309927e-06
1393,1393,1393,SNIPS,1.0356321457940396e-05
1394,1394,1394,SwitchDR,1.7103969625548742e-05
1395,1395,1395,MIPS,5.614758471660172e-06
1396,1396,1396,MIPS (w/ SLOPE),2.265441671786063e-06
1397,1397,1397,Learned MIPS OneHot,2.349626627924906e-06
1398,1398,1398,Learned MIPS FineTune,2.0622425982556363e-06
1399,1399,1399,Learned MIPS Combined,2.899850609384691e-06
1400,1400,1400,IPS,1.0187495634419768e-05
1401,1401,1401,DR,7.67642264662276e-06
1402,1402,1402,DM,5.218164529052545e-06
1403,1403,1403,SNIPS,1.0106583726873752e-05
1404,1404,1404,SwitchDR,6.566176720512012e-06
1405,1405,1405,MIPS,1.0866143317322235e-05
1406,1406,1406,MIPS (w/ SLOPE),6.444247678274109e-06
1407,1407,1407,Learned MIPS OneHot,4.505101760514788e-06
1408,1408,1408,Learned MIPS FineTune,5.505375111866388e-06
1409,1409,1409,Learned MIPS Combined,5.806020137926064e-06
1410,1410,1410,IPS,2.735139899213973e-07
1411,1411,1411,DR,2.710681671660262e-09
1412,1412,1412,DM,7.367327328670051e-06
1413,1413,1413,SNIPS,2.5247266636875205e-07
1414,1414,1414,SwitchDR,5.693647551601887e-06
1415,1415,1415,MIPS,1.080727336957166e-06
1416,1416,1416,MIPS (w/ SLOPE),2.602123353271337e-06
1417,1417,1417,Learned MIPS OneHot,1.741799377601148e-06
1418,1418,1418,Learned MIPS FineTune,2.3875466277645326e-06
1419,1419,1419,Learned MIPS Combined,2.2852822099732266e-06
1420,1420,1420,IPS,3.755904545301561e-07
1421,1421,1421,DR,1.321540808545361e-05
1422,1422,1422,DM,0.0001261536257779
1423,1423,1423,SNIPS,4.052348835566496e-07
1424,1424,1424,SwitchDR,5.416920025646914e-05
1425,1425,1425,MIPS,3.323931575031201e-07
1426,1426,1426,MIPS (w/ SLOPE),5.09686693771097e-07
1427,1427,1427,Learned MIPS OneHot,7.961633271391797e-07
1428,1428,1428,Learned MIPS FineTune,1.4253454684169796e-06
1429,1429,1429,Learned MIPS Combined,9.659220527317675e-07
1430,1430,1430,IPS,6.21856786796207e-06
1431,1431,1431,DR,1.043768219552222e-05
1432,1432,1432,DM,1.1461387985345333e-05
1433,1433,1433,SNIPS,6.221265246254272e-06
1434,1434,1434,SwitchDR,2.2337606328107625e-05
1435,1435,1435,MIPS,6.332764345316965e-06
1436,1436,1436,MIPS (w/ SLOPE),2.966628320255065e-06
1437,1437,1437,Learned MIPS OneHot,2.524943429275643e-06
1438,1438,1438,Learned MIPS FineTune,2.6091093898403674e-06
1439,1439,1439,Learned MIPS Combined,2.604905855761923e-06
1440,1440,1440,IPS,2.965096820946367e-06
1441,1441,1441,DR,3.8375160422940725e-06
1442,1442,1442,DM,1.907274153736552e-06
1443,1443,1443,SNIPS,2.77100072134481e-06
1444,1444,1444,SwitchDR,2.026136866641881e-06
1445,1445,1445,MIPS,2.334667806496815e-06
1446,1446,1446,MIPS (w/ SLOPE),2.2052945023407403e-07
1447,1447,1447,Learned MIPS OneHot,2.614630108030063e-07
1448,1448,1448,Learned MIPS FineTune,1.4575125546364333e-07
1449,1449,1449,Learned MIPS Combined,9.613147041240413e-08
1450,1450,1450,IPS,4.385613535927031e-06
1451,1451,1451,DR,7.536804874726783e-06
1452,1452,1452,DM,2.8905311737146527e-06
1453,1453,1453,SNIPS,4.578733855677084e-06
1454,1454,1454,SwitchDR,1.1533354890242405e-05
1455,1455,1455,MIPS,3.354318488082693e-06
1456,1456,1456,MIPS (w/ SLOPE),2.6208196815466582e-06
1457,1457,1457,Learned MIPS OneHot,1.3190874781274362e-06
1458,1458,1458,Learned MIPS FineTune,2.8198899121254377e-06
1459,1459,1459,Learned MIPS Combined,1.9241425178254746e-06
1460,1460,1460,IPS,3.1686277060331296e-07
1461,1461,1461,DR,3.1286306861070654e-07
1462,1462,1462,DM,0.0001006518095205
1463,1463,1463,SNIPS,7.265429064069813e-08
1464,1464,1464,SwitchDR,2.966517192369877e-06
1465,1465,1465,MIPS,6.174255878177101e-07
1466,1466,1466,MIPS (w/ SLOPE),2.6062496446269444e-06
1467,1467,1467,Learned MIPS OneHot,1.611079677173526e-06
1468,1468,1468,Learned MIPS FineTune,1.7807656090968733e-06
1469,1469,1469,Learned MIPS Combined,1.0532221526448365e-06
1470,1470,1470,IPS,1.2071633596152042e-05
1471,1471,1471,DR,7.606789616918919e-06
1472,1472,1472,DM,4.745611231460683e-06
1473,1473,1473,SNIPS,1.2246524083167108e-05
1474,1474,1474,SwitchDR,1.2394811087925724e-05
1475,1475,1475,MIPS,7.399945465717982e-06
1476,1476,1476,MIPS (w/ SLOPE),2.9289862484320164e-06
1477,1477,1477,Learned MIPS OneHot,2.1644392114933933e-06
1478,1478,1478,Learned MIPS FineTune,3.0292182203946955e-06
1479,1479,1479,Learned MIPS Combined,3.0701837712495456e-06
1480,1480,1480,IPS,9.470302437740127e-06
1481,1481,1481,DR,1.4484682894203109e-05
1482,1482,1482,DM,1.9686455589427675e-05
1483,1483,1483,SNIPS,9.005348692839233e-06
1484,1484,1484,SwitchDR,1.845752459229667e-05
1485,1485,1485,MIPS,7.638997418768064e-06
1486,1486,1486,MIPS (w/ SLOPE),2.520573534242028e-06
1487,1487,1487,Learned MIPS OneHot,2.236590432551049e-06
1488,1488,1488,Learned MIPS FineTune,2.688371744279841e-06
1489,1489,1489,Learned MIPS Combined,2.6776797928970204e-06
1490,1490,1490,IPS,6.869146425277188e-06
1491,1491,1491,DR,9.2494593154338e-06
1492,1492,1492,DM,2.3039308799042496e-06
1493,1493,1493,SNIPS,6.978273605548504e-06
1494,1494,1494,SwitchDR,3.704261207125632e-06
1495,1495,1495,MIPS,5.1660679681202095e-06
1496,1496,1496,MIPS (w/ SLOPE),1.6476248589804253e-06
1497,1497,1497,Learned MIPS OneHot,3.086691623683675e-06
1498,1498,1498,Learned MIPS FineTune,2.729823305864416e-06
1499,1499,1499,Learned MIPS Combined,4.024684342209278e-06
